-- phpMyAdmin SQL Dump
-- version 5.0.4
-- https://www.phpmyadmin.net/
--
-- Host: localhost
-- Tempo de geração: 30-Mar-2025 às 00:59
-- Versão do servidor: 8.0.24
-- versão do PHP: 8.0.26

SET SQL_MODE = "NO_AUTO_VALUE_ON_ZERO";
START TRANSACTION;
SET time_zone = "+00:00";


/*!40101 SET @OLD_CHARACTER_SET_CLIENT=@@CHARACTER_SET_CLIENT */;
/*!40101 SET @OLD_CHARACTER_SET_RESULTS=@@CHARACTER_SET_RESULTS */;
/*!40101 SET @OLD_COLLATION_CONNECTION=@@COLLATION_CONNECTION */;
/*!40101 SET NAMES utf8mb4 */;

--
-- Banco de dados: `loteria`
--

-- --------------------------------------------------------

--
-- Estrutura da tabela `admins`
--

CREATE TABLE `admins` (
  `id` int NOT NULL,
  `name` varchar(100) NOT NULL,
  `email` varchar(100) NOT NULL,
  `password` varchar(255) NOT NULL,
  `created_at` timestamp NULL DEFAULT CURRENT_TIMESTAMP,
  `updated_at` timestamp NULL DEFAULT CURRENT_TIMESTAMP ON UPDATE CURRENT_TIMESTAMP
) ENGINE=InnoDB DEFAULT CHARSET=utf8mb4 COLLATE=utf8mb4_0900_ai_ci;

--
-- Extraindo dados da tabela `admins`
--

INSERT INTO `admins` (`id`, `name`, `email`, `password`, `created_at`, `updated_at`) VALUES
(1, 'Administrador', 'admin@admin.com', '$2y$10$92IXUNpkjO0rOQ5byMi.Ye4oKoEa3Ro9llC/.og/at2.uheWG/igi', '2025-01-28 14:55:58', '2025-01-28 14:55:58');

-- --------------------------------------------------------

--
-- Estrutura da tabela `apostas`
--

CREATE TABLE `apostas` (
  `id` int NOT NULL,
  `usuario_id` int DEFAULT NULL,
  `tipo_jogo_id` int DEFAULT NULL,
  `numeros` varchar(100) NOT NULL,
  `status` enum('pendente','aprovada','rejeitada') DEFAULT 'pendente',
  `comprovante_path` varchar(255) DEFAULT NULL,
  `created_at` timestamp NULL DEFAULT CURRENT_TIMESTAMP,
  `valor_aposta` decimal(10,2) DEFAULT NULL,
  `valor_premio` decimal(10,2) DEFAULT NULL,
  `revendedor_id` int DEFAULT NULL,
  `concurso` varchar(50) DEFAULT NULL,
  `processado` tinyint(1) DEFAULT '0',
  `acertos` int DEFAULT '0'
) ENGINE=InnoDB DEFAULT CHARSET=utf8mb4 COLLATE=utf8mb4_0900_ai_ci;

--
-- Extraindo dados da tabela `apostas`
--

INSERT INTO `apostas` (`id`, `usuario_id`, `tipo_jogo_id`, `numeros`, `status`, `comprovante_path`, `created_at`, `valor_aposta`, `valor_premio`, `revendedor_id`, `concurso`, `processado`, `acertos`) VALUES
(11, 11, 3, '1,11,15,16,19,25,27,28,30,35,36,38,43,44,47,53,57', 'pendente', NULL, '2025-03-07 21:27:01', '2.00', NULL, NULL, NULL, 0, 0),
(12, 18, 8, '11,18,20,21,22,23,28,31,38,41,42,47,48,50,51,52,57,59,62,63,66,68,73,74,75', 'aprovada', NULL, '2025-03-28 18:35:44', '10.00', '2600.00', NULL, NULL, 0, 0);

-- --------------------------------------------------------

--
-- Estrutura da tabela `apostas_importadas`
--

CREATE TABLE `apostas_importadas` (
  `id` int NOT NULL,
  `usuario_id` int NOT NULL,
  `revendedor_id` int DEFAULT NULL,
  `jogo_nome` varchar(100) DEFAULT NULL,
  `numeros` text NOT NULL,
  `valor_aposta` decimal(10,2) NOT NULL,
  `whatsapp` varchar(20) DEFAULT NULL,
  `created_at` timestamp NULL DEFAULT CURRENT_TIMESTAMP,
  `valor_premio` decimal(10,2) DEFAULT '0.00',
  `valor_premio_2` decimal(10,2) DEFAULT '0.00',
  `quantidade_dezenas` int DEFAULT '0',
  `concurso` varchar(50) DEFAULT NULL,
  `processado` tinyint(1) DEFAULT '0'
) ENGINE=InnoDB DEFAULT CHARSET=utf8mb4 COLLATE=utf8mb4_0900_ai_ci;

-- --------------------------------------------------------

--
-- Estrutura da tabela `concursos`
--

CREATE TABLE `concursos` (
  `id` int NOT NULL,
  `jogo_id` int NOT NULL,
  `codigo` varchar(20) NOT NULL,
  `data_sorteio` datetime NOT NULL,
  `status` enum('aguardando','finalizado') NOT NULL DEFAULT 'aguardando',
  `created_at` timestamp NULL DEFAULT CURRENT_TIMESTAMP,
  `updated_at` timestamp NULL DEFAULT CURRENT_TIMESTAMP ON UPDATE CURRENT_TIMESTAMP
) ENGINE=InnoDB DEFAULT CHARSET=utf8mb4 COLLATE=utf8mb4_0900_ai_ci;

--
-- Extraindo dados da tabela `concursos`
--

INSERT INTO `concursos` (`id`, `jogo_id`, `codigo`, `data_sorteio`, `status`, `created_at`, `updated_at`) VALUES
(1, 8, '6671', '2025-03-01 00:00:00', 'finalizado', '2025-03-03 13:11:38', '2025-03-03 13:11:38'),
(2, 9, '2835', '2025-03-01 00:00:00', 'finalizado', '2025-03-03 13:11:39', '2025-03-03 13:11:39'),
(3, 3, '3333', '2025-03-01 00:00:00', 'finalizado', '2025-03-03 13:11:39', '2025-03-03 13:11:39'),
(4, 6, '2741', '2025-02-28 00:00:00', 'finalizado', '2025-03-03 13:11:39', '2025-03-03 13:11:39'),
(5, 11, '2213', '2025-03-01 00:00:00', 'finalizado', '2025-03-03 13:11:40', '2025-03-03 13:11:40'),
(9, 14, '229', '2025-03-01 00:00:00', 'finalizado', '2025-03-03 13:45:33', '2025-03-03 13:45:33'),
(10, 15, '1034', '2025-03-01 00:00:00', 'finalizado', '2025-03-03 13:45:34', '2025-03-03 13:45:34'),
(11, 8, '6672', '2025-03-05 00:00:00', 'finalizado', '2025-03-06 13:59:07', '2025-03-06 13:59:07'),
(12, 3, '3334', '2025-03-05 00:00:00', 'finalizado', '2025-03-06 13:59:07', '2025-03-06 13:59:07'),
(13, 6, '2742', '2025-03-05 00:00:00', 'finalizado', '2025-03-06 13:59:07', '2025-03-06 13:59:07'),
(14, 14, '230', '2025-03-05 00:00:00', 'finalizado', '2025-03-06 13:59:08', '2025-03-06 13:59:08'),
(15, 8, '6673', '2025-03-06 00:00:00', 'finalizado', '2025-03-07 00:59:44', '2025-03-07 00:59:44'),
(16, 9, '2836', '2025-03-06 00:00:00', 'finalizado', '2025-03-07 00:59:44', '2025-03-07 00:59:44'),
(17, 3, '3335', '2025-03-06 00:00:00', 'finalizado', '2025-03-07 00:59:45', '2025-03-07 00:59:45'),
(18, 11, '2214', '2025-03-06 00:00:00', 'finalizado', '2025-03-07 00:59:45', '2025-03-07 00:59:45'),
(19, 15, '1035', '2025-03-06 00:00:00', 'finalizado', '2025-03-07 00:59:45', '2025-03-07 00:59:45'),
(20, 8, '6681', '2025-03-15 00:00:00', 'finalizado', '2025-03-17 13:53:38', '2025-03-17 13:53:38'),
(21, 9, '2840', '2025-03-15 00:00:00', 'finalizado', '2025-03-17 13:53:39', '2025-03-17 13:53:39'),
(22, 3, '3343', '2025-03-15 00:00:00', 'finalizado', '2025-03-17 13:53:39', '2025-03-17 13:53:39'),
(23, 6, '2746', '2025-03-14 00:00:00', 'finalizado', '2025-03-17 13:53:39', '2025-03-17 13:53:39'),
(24, 11, '2218', '2025-03-15 00:00:00', 'finalizado', '2025-03-17 13:53:39', '2025-03-17 13:53:39'),
(25, 14, '233', '2025-03-15 00:00:00', 'finalizado', '2025-03-17 13:53:39', '2025-03-17 13:53:39'),
(26, 15, '1039', '2025-03-15 00:00:00', 'finalizado', '2025-03-17 13:53:39', '2025-03-17 13:53:39');

-- --------------------------------------------------------

--
-- Estrutura da tabela `configuracoes`
--

CREATE TABLE `configuracoes` (
  `id` int NOT NULL,
  `nome_site` varchar(255) DEFAULT 'Sistema de Loteria',
  `email_contato` varchar(255) DEFAULT NULL,
  `taxa_saque` decimal(5,2) DEFAULT '0.00',
  `saque_minimo` decimal(10,2) DEFAULT '0.00',
  `prazo_saque` int DEFAULT '24',
  `aposta_minima` decimal(10,2) DEFAULT '0.00',
  `aposta_maxima` decimal(10,2) DEFAULT '0.00',
  `data_atualizacao` timestamp NOT NULL DEFAULT CURRENT_TIMESTAMP ON UPDATE CURRENT_TIMESTAMP,
  `status_apostas` tinyint(1) NOT NULL DEFAULT '1',
  `horario_inicio` time NOT NULL DEFAULT '23:00:00',
  `horario_fim` time NOT NULL DEFAULT '06:00:00',
  `dias_semana` varchar(50) DEFAULT NULL,
  `motivo_pausa` text
) ENGINE=InnoDB DEFAULT CHARSET=utf8mb4 COLLATE=utf8mb4_0900_ai_ci;

--
-- Extraindo dados da tabela `configuracoes`
--

INSERT INTO `configuracoes` (`id`, `nome_site`, `email_contato`, `taxa_saque`, `saque_minimo`, `prazo_saque`, `aposta_minima`, `aposta_maxima`, `data_atualizacao`, `status_apostas`, `horario_inicio`, `horario_fim`, `dias_semana`, `motivo_pausa`) VALUES
(1, 'Sistema de Loteria', 'contato@sistema.com', '5.00', '20.00', 24, '5.00', '1000.00', '2025-03-06 00:08:53', 1, '21:10:00', '21:11:00', '0,1,2,3,4,5,6', 'teste');

-- --------------------------------------------------------

--
-- Estrutura da tabela `configuracoes_apostas`
--

CREATE TABLE `configuracoes_apostas` (
  `id` int NOT NULL,
  `tipo_jogo_id` int NOT NULL,
  `quantidade_numeros` int NOT NULL,
  `valor_aposta` decimal(10,2) NOT NULL,
  `valor_premio` decimal(10,2) NOT NULL,
  `status` enum('ativo','inativo') DEFAULT 'ativo',
  `created_at` timestamp NULL DEFAULT CURRENT_TIMESTAMP
) ENGINE=InnoDB DEFAULT CHARSET=utf8mb4 COLLATE=utf8mb4_0900_ai_ci;

--
-- Extraindo dados da tabela `configuracoes_apostas`
--

INSERT INTO `configuracoes_apostas` (`id`, `tipo_jogo_id`, `quantidade_numeros`, `valor_aposta`, `valor_premio`, `status`, `created_at`) VALUES
(1, 1, 10, '5.00', '5000.00', 'ativo', '2025-01-15 17:17:24'),
(2, 1, 10, '10.00', '10000.00', 'ativo', '2025-01-15 17:17:24'),
(3, 1, 10, '15.00', '15000.00', 'ativo', '2025-01-15 17:17:24'),
(4, 1, 10, '20.00', '25000.00', 'ativo', '2025-01-15 17:17:24'),
(5, 1, 15, '5.00', '1500.00', 'ativo', '2025-01-15 17:17:24'),
(6, 1, 15, '10.00', '3700.00', 'ativo', '2025-01-15 17:17:24'),
(7, 1, 15, '15.00', '5900.00', 'ativo', '2025-01-15 17:17:24'),
(8, 1, 15, '20.00', '7500.00', 'ativo', '2025-01-15 17:17:24'),
(9, 1, 20, '5.00', '1000.00', 'ativo', '2025-01-15 17:17:24'),
(10, 1, 20, '10.00', '2700.00', 'ativo', '2025-01-15 17:17:24'),
(11, 1, 20, '15.00', '4200.00', 'ativo', '2025-01-15 17:17:24'),
(12, 1, 20, '20.00', '5500.00', 'ativo', '2025-01-15 17:17:24'),
(13, 1, 25, '5.00', '800.00', 'ativo', '2025-01-15 17:17:24'),
(14, 1, 25, '10.00', '1700.00', 'ativo', '2025-01-15 17:17:24'),
(15, 1, 25, '15.00', '2600.00', 'ativo', '2025-01-15 17:17:24'),
(16, 1, 25, '20.00', '3500.00', 'ativo', '2025-01-15 17:17:24'),
(17, 1, 30, '5.00', '300.00', 'ativo', '2025-01-15 17:17:24'),
(18, 1, 30, '10.00', '650.00', 'ativo', '2025-01-15 17:17:24'),
(19, 1, 30, '15.00', '950.00', 'ativo', '2025-01-15 17:17:24'),
(20, 1, 30, '20.00', '1300.00', 'ativo', '2025-01-15 17:17:24'),
(21, 1, 35, '5.00', '100.00', 'ativo', '2025-01-15 17:17:24'),
(22, 1, 35, '10.00', '240.00', 'ativo', '2025-01-15 17:17:24'),
(23, 1, 35, '15.00', '360.00', 'ativo', '2025-01-15 17:17:24'),
(24, 1, 35, '20.00', '480.00', 'ativo', '2025-01-15 17:17:24'),
(25, 1, 40, '5.00', '60.00', 'ativo', '2025-01-15 17:17:24'),
(26, 1, 40, '10.00', '115.00', 'ativo', '2025-01-15 17:17:24'),
(27, 1, 40, '15.00', '170.00', 'ativo', '2025-01-15 17:17:24'),
(28, 1, 40, '20.00', '200.00', 'ativo', '2025-01-15 17:17:24');

-- --------------------------------------------------------

--
-- Estrutura da tabela `ganhadores`
--

CREATE TABLE `ganhadores` (
  `id` int NOT NULL,
  `resultado_id` int NOT NULL,
  `usuario_id` int NOT NULL,
  `aposta_id` int NOT NULL,
  `premio` decimal(10,2) NOT NULL,
  `status` enum('pendente','pago') DEFAULT 'pendente',
  `created_at` timestamp NULL DEFAULT CURRENT_TIMESTAMP
) ENGINE=InnoDB DEFAULT CHARSET=utf8mb4 COLLATE=utf8mb4_0900_ai_ci;

-- --------------------------------------------------------

--
-- Estrutura da tabela `jogos`
--

CREATE TABLE `jogos` (
  `id` int NOT NULL,
  `nome` varchar(255) NOT NULL,
  `quantidade_dezenas` int DEFAULT '6',
  `identificador_api` varchar(20) DEFAULT NULL,
  `titulo_importacao` varchar(100) DEFAULT NULL,
  `identificador_importacao` varchar(100) DEFAULT NULL,
  `numeros_total` int NOT NULL DEFAULT '100',
  `minimo_numeros` int NOT NULL DEFAULT '10',
  `maximo_numeros` int NOT NULL DEFAULT '25',
  `acertos_premio` int NOT NULL DEFAULT '10',
  `valor_aposta` decimal(10,2) NOT NULL DEFAULT '0.00',
  `valor_premio` decimal(10,2) NOT NULL DEFAULT '0.00',
  `numeros_disponiveis` int NOT NULL DEFAULT '60',
  `total_numeros` int NOT NULL DEFAULT '60',
  `dezenas` int NOT NULL DEFAULT '0',
  `dezenas_premiar` int NOT NULL DEFAULT '0',
  `valor` decimal(10,2) NOT NULL DEFAULT '0.00',
  `premio` decimal(10,2) NOT NULL DEFAULT '0.00',
  `status` tinyint(1) DEFAULT '1',
  `created_at` timestamp NULL DEFAULT CURRENT_TIMESTAMP,
  `data_criacao` timestamp NULL DEFAULT CURRENT_TIMESTAMP,
  `data_atualizacao` timestamp NULL DEFAULT CURRENT_TIMESTAMP ON UPDATE CURRENT_TIMESTAMP,
  `numero_concurso` varchar(10) DEFAULT NULL,
  `valor_acumulado` decimal(15,2) DEFAULT NULL,
  `data_proximo_concurso` date DEFAULT NULL,
  `valor_estimado_proximo` decimal(15,2) DEFAULT NULL,
  `api_nome` varchar(50) DEFAULT NULL
) ENGINE=InnoDB DEFAULT CHARSET=utf8mb4 COLLATE=utf8mb4_0900_ai_ci;

--
-- Extraindo dados da tabela `jogos`
--

INSERT INTO `jogos` (`id`, `nome`, `quantidade_dezenas`, `identificador_api`, `titulo_importacao`, `identificador_importacao`, `numeros_total`, `minimo_numeros`, `maximo_numeros`, `acertos_premio`, `valor_aposta`, `valor_premio`, `numeros_disponiveis`, `total_numeros`, `dezenas`, `dezenas_premiar`, `valor`, `premio`, `status`, `created_at`, `data_criacao`, `data_atualizacao`, `numero_concurso`, `valor_acumulado`, `data_proximo_concurso`, `valor_estimado_proximo`, `api_nome`) VALUES
(3, 'Lotofácil', 15, 'lotofacil', 'Loterias Mobile: LF', 'Loterias Mobile: LF', 100, 17, 23, 15, '0.00', '0.00', 60, 100, 20, 5, '5.00', '5000.00', 1, '2025-01-18 11:59:10', '2025-01-23 22:25:35', '2025-03-24 11:23:33', '3343', '0.00', '2025-03-17', '1700000.00', 'lotofacil'),
(6, 'Lotomania', 20, 'lotomania', 'Loterias Mobile: LM', 'Loterias Mobile: LM', 100, 55, 85, 20, '0.00', '0.00', 90, 60, 55, 20, '0.00', '0.00', 1, '2025-02-14 21:09:32', '2025-02-14 21:09:32', '2025-03-24 11:23:33', '2746', '6235632.99', '2025-03-17', '7200000.00', 'lotomania'),
(8, 'Quina', 5, 'quina', 'Loterias Mobile: QN', 'Loterias Mobile: QN', 80, 20, 50, 5, '0.00', '0.00', 80, 60, 20, 5, '0.00', '0.00', 1, '2025-02-14 21:20:59', '2025-02-14 21:20:59', '2025-03-24 11:23:33', '6681', '0.00', '2025-03-17', '600000.00', 'quina'),
(9, 'Mega-Sena', 6, 'megasena', 'Loterias Mobile: MS', 'Loterias Mobile: MS', 60, 20, 45, 6, '0.00', '0.00', 60, 60, 13, 6, '0.00', '0.00', 1, '2025-02-14 21:29:30', '2025-02-14 21:29:30', '2025-03-24 11:23:33', '2840', '0.00', '2025-03-18', '3000000.00', 'mega-sena'),
(11, 'Timemania', 7, 'timemania', 'Loterias Mobile: TM', 'Loterias Mobile: TM', 80, 20, 55, 7, '0.00', '0.00', 80, 60, 15, 7, '0.00', '0.00', 1, '2025-02-14 21:43:48', '2025-02-14 21:43:48', '2025-03-24 11:23:33', '2218', '6040518.57', '2025-03-18', '6300000.00', 'timemania'),
(14, '+Milionária', 6, 'maismilionaria', 'Loterias Mobile: MM', 'Loterias Mobile: MM', 100, 10, 25, 10, '0.00', '0.00', 60, 60, 0, 0, '0.00', '0.00', 1, '2025-03-03 13:42:08', '2025-03-03 13:42:08', '2025-03-24 11:32:12', '233', '57295252.01', '2025-03-19', '58000000.00', 'maismilionaria'),
(15, 'Dia de Sorte', 7, 'diadesorte', 'Loterias Mobile: DI', 'Loterias Mobile: DI', 100, 10, 25, 10, '0.00', '0.00', 60, 60, 0, 0, '0.00', '0.00', 1, '2025-03-03 13:42:08', '2025-03-03 13:42:08', '2025-03-24 11:23:33', '1039', '180869.36', '2025-03-18', '400000.00', 'dia-de-sorte');

-- --------------------------------------------------------

--
-- Estrutura da tabela `numeros_sorteados`
--

CREATE TABLE `numeros_sorteados` (
  `id` int NOT NULL,
  `concurso_id` int NOT NULL,
  `numero` int NOT NULL,
  `created_at` timestamp NULL DEFAULT CURRENT_TIMESTAMP
) ENGINE=InnoDB DEFAULT CHARSET=utf8mb4 COLLATE=utf8mb4_0900_ai_ci;

--
-- Extraindo dados da tabela `numeros_sorteados`
--

INSERT INTO `numeros_sorteados` (`id`, `concurso_id`, `numero`, `created_at`) VALUES
(526, 1, 46, '2025-03-05 23:36:58'),
(527, 1, 47, '2025-03-05 23:36:58'),
(528, 1, 61, '2025-03-05 23:36:58'),
(529, 1, 66, '2025-03-05 23:36:58'),
(530, 1, 75, '2025-03-05 23:36:58'),
(537, 3, 1, '2025-03-05 23:36:59'),
(538, 3, 3, '2025-03-05 23:36:59'),
(539, 3, 4, '2025-03-05 23:36:59'),
(540, 3, 5, '2025-03-05 23:36:59'),
(541, 3, 8, '2025-03-05 23:36:59'),
(542, 3, 9, '2025-03-05 23:36:59'),
(543, 3, 11, '2025-03-05 23:36:59'),
(544, 3, 13, '2025-03-05 23:36:59'),
(545, 3, 15, '2025-03-05 23:36:59'),
(546, 3, 19, '2025-03-05 23:36:59'),
(547, 3, 20, '2025-03-05 23:36:59'),
(548, 3, 21, '2025-03-05 23:36:59'),
(549, 3, 22, '2025-03-05 23:36:59'),
(550, 3, 24, '2025-03-05 23:36:59'),
(551, 3, 25, '2025-03-05 23:36:59'),
(552, 4, 14, '2025-03-05 23:36:59'),
(553, 4, 17, '2025-03-05 23:36:59'),
(554, 4, 18, '2025-03-05 23:36:59'),
(555, 4, 20, '2025-03-05 23:36:59'),
(556, 4, 25, '2025-03-05 23:36:59'),
(557, 4, 34, '2025-03-05 23:36:59'),
(558, 4, 37, '2025-03-05 23:36:59'),
(559, 4, 39, '2025-03-05 23:36:59'),
(560, 4, 40, '2025-03-05 23:36:59'),
(561, 4, 43, '2025-03-05 23:36:59'),
(562, 4, 50, '2025-03-05 23:36:59'),
(563, 4, 51, '2025-03-05 23:36:59'),
(564, 4, 62, '2025-03-05 23:36:59'),
(565, 4, 69, '2025-03-05 23:36:59'),
(566, 4, 74, '2025-03-05 23:36:59'),
(567, 4, 79, '2025-03-05 23:36:59'),
(568, 4, 80, '2025-03-05 23:36:59'),
(569, 4, 92, '2025-03-05 23:36:59'),
(570, 4, 95, '2025-03-05 23:36:59'),
(571, 4, 99, '2025-03-05 23:36:59'),
(579, 9, 5, '2025-03-05 23:36:59'),
(580, 9, 9, '2025-03-05 23:36:59'),
(581, 9, 20, '2025-03-05 23:36:59'),
(582, 9, 37, '2025-03-05 23:36:59'),
(583, 9, 44, '2025-03-05 23:36:59'),
(584, 9, 47, '2025-03-05 23:36:59'),
(790, 11, 27, '2025-03-06 17:20:55'),
(791, 11, 30, '2025-03-06 17:20:55'),
(792, 11, 48, '2025-03-06 17:20:55'),
(793, 11, 66, '2025-03-06 17:20:55'),
(794, 11, 73, '2025-03-06 17:20:55'),
(795, 2, 9, '2025-03-06 17:20:55'),
(796, 2, 24, '2025-03-06 17:20:55'),
(797, 2, 27, '2025-03-06 17:20:55'),
(798, 2, 36, '2025-03-06 17:20:55'),
(799, 2, 43, '2025-03-06 17:20:55'),
(800, 2, 54, '2025-03-06 17:20:55'),
(801, 12, 2, '2025-03-06 17:20:55'),
(802, 12, 3, '2025-03-06 17:20:55'),
(803, 12, 4, '2025-03-06 17:20:55'),
(804, 12, 6, '2025-03-06 17:20:55'),
(805, 12, 8, '2025-03-06 17:20:55'),
(806, 12, 11, '2025-03-06 17:20:55'),
(807, 12, 14, '2025-03-06 17:20:55'),
(808, 12, 15, '2025-03-06 17:20:55'),
(809, 12, 16, '2025-03-06 17:20:55'),
(810, 12, 17, '2025-03-06 17:20:55'),
(811, 12, 19, '2025-03-06 17:20:55'),
(812, 12, 20, '2025-03-06 17:20:55'),
(813, 12, 22, '2025-03-06 17:20:55'),
(814, 12, 23, '2025-03-06 17:20:55'),
(815, 12, 25, '2025-03-06 17:20:55'),
(836, 5, 9, '2025-03-06 17:20:55'),
(837, 5, 22, '2025-03-06 17:20:55'),
(838, 5, 41, '2025-03-06 17:20:55'),
(839, 5, 46, '2025-03-06 17:20:55'),
(840, 5, 48, '2025-03-06 17:20:55'),
(841, 5, 72, '2025-03-06 17:20:55'),
(842, 5, 80, '2025-03-06 17:20:55'),
(849, 10, 5, '2025-03-06 17:20:56'),
(850, 10, 7, '2025-03-06 17:20:56'),
(851, 10, 8, '2025-03-06 17:20:56'),
(852, 10, 15, '2025-03-06 17:20:56'),
(853, 10, 21, '2025-03-06 17:20:56'),
(854, 10, 23, '2025-03-06 17:20:56'),
(855, 10, 26, '2025-03-06 17:20:56'),
(856, 15, 14, '2025-03-07 00:59:44'),
(857, 15, 26, '2025-03-07 00:59:44'),
(858, 15, 35, '2025-03-07 00:59:44'),
(859, 15, 52, '2025-03-07 00:59:44'),
(860, 15, 74, '2025-03-07 00:59:44'),
(861, 16, 1, '2025-03-07 00:59:44'),
(862, 16, 6, '2025-03-07 00:59:44'),
(863, 16, 10, '2025-03-07 00:59:44'),
(864, 16, 30, '2025-03-07 00:59:44'),
(865, 16, 42, '2025-03-07 00:59:44'),
(866, 16, 50, '2025-03-07 00:59:44'),
(867, 17, 1, '2025-03-07 00:59:45'),
(868, 17, 2, '2025-03-07 00:59:45'),
(869, 17, 3, '2025-03-07 00:59:45'),
(870, 17, 5, '2025-03-07 00:59:45'),
(871, 17, 7, '2025-03-07 00:59:45'),
(872, 17, 8, '2025-03-07 00:59:45'),
(873, 17, 9, '2025-03-07 00:59:45'),
(874, 17, 11, '2025-03-07 00:59:45'),
(875, 17, 12, '2025-03-07 00:59:45'),
(876, 17, 15, '2025-03-07 00:59:45'),
(877, 17, 17, '2025-03-07 00:59:45'),
(878, 17, 18, '2025-03-07 00:59:45'),
(879, 17, 19, '2025-03-07 00:59:45'),
(880, 17, 20, '2025-03-07 00:59:45'),
(881, 17, 25, '2025-03-07 00:59:45'),
(882, 13, 0, '2025-03-07 00:59:45'),
(883, 13, 3, '2025-03-07 00:59:45'),
(884, 13, 27, '2025-03-07 00:59:45'),
(885, 13, 30, '2025-03-07 00:59:45'),
(886, 13, 32, '2025-03-07 00:59:45'),
(887, 13, 33, '2025-03-07 00:59:45'),
(888, 13, 37, '2025-03-07 00:59:45'),
(889, 13, 46, '2025-03-07 00:59:45'),
(890, 13, 47, '2025-03-07 00:59:45'),
(891, 13, 48, '2025-03-07 00:59:45'),
(892, 13, 71, '2025-03-07 00:59:45'),
(893, 13, 72, '2025-03-07 00:59:45'),
(894, 13, 73, '2025-03-07 00:59:45'),
(895, 13, 74, '2025-03-07 00:59:45'),
(896, 13, 79, '2025-03-07 00:59:45'),
(897, 13, 80, '2025-03-07 00:59:45'),
(898, 13, 90, '2025-03-07 00:59:45'),
(899, 13, 92, '2025-03-07 00:59:45'),
(900, 13, 93, '2025-03-07 00:59:45'),
(901, 13, 94, '2025-03-07 00:59:45'),
(902, 18, 15, '2025-03-07 00:59:45'),
(903, 18, 26, '2025-03-07 00:59:45'),
(904, 18, 46, '2025-03-07 00:59:45'),
(905, 18, 52, '2025-03-07 00:59:45'),
(906, 18, 61, '2025-03-07 00:59:45'),
(907, 18, 64, '2025-03-07 00:59:45'),
(908, 18, 65, '2025-03-07 00:59:45'),
(909, 14, 13, '2025-03-07 00:59:45'),
(910, 14, 14, '2025-03-07 00:59:45'),
(911, 14, 24, '2025-03-07 00:59:45'),
(912, 14, 34, '2025-03-07 00:59:45'),
(913, 14, 35, '2025-03-07 00:59:45'),
(914, 14, 39, '2025-03-07 00:59:45'),
(915, 19, 7, '2025-03-07 00:59:45'),
(916, 19, 9, '2025-03-07 00:59:45'),
(917, 19, 10, '2025-03-07 00:59:45'),
(918, 19, 14, '2025-03-07 00:59:45'),
(919, 19, 21, '2025-03-07 00:59:45'),
(920, 19, 23, '2025-03-07 00:59:45'),
(921, 19, 28, '2025-03-07 00:59:45'),
(922, 20, 39, '2025-03-17 13:53:38'),
(923, 20, 46, '2025-03-17 13:53:38'),
(924, 20, 52, '2025-03-17 13:53:38'),
(925, 20, 65, '2025-03-17 13:53:38'),
(926, 20, 77, '2025-03-17 13:53:38'),
(927, 21, 1, '2025-03-17 13:53:39'),
(928, 21, 33, '2025-03-17 13:53:39'),
(929, 21, 39, '2025-03-17 13:53:39'),
(930, 21, 49, '2025-03-17 13:53:39'),
(931, 21, 57, '2025-03-17 13:53:39'),
(932, 21, 60, '2025-03-17 13:53:39'),
(933, 22, 1, '2025-03-17 13:53:39'),
(934, 22, 2, '2025-03-17 13:53:39'),
(935, 22, 6, '2025-03-17 13:53:39'),
(936, 22, 7, '2025-03-17 13:53:39'),
(937, 22, 9, '2025-03-17 13:53:39'),
(938, 22, 11, '2025-03-17 13:53:39'),
(939, 22, 13, '2025-03-17 13:53:39'),
(940, 22, 15, '2025-03-17 13:53:39'),
(941, 22, 16, '2025-03-17 13:53:39'),
(942, 22, 17, '2025-03-17 13:53:39'),
(943, 22, 19, '2025-03-17 13:53:39'),
(944, 22, 20, '2025-03-17 13:53:39'),
(945, 22, 21, '2025-03-17 13:53:39'),
(946, 22, 22, '2025-03-17 13:53:39'),
(947, 22, 25, '2025-03-17 13:53:39'),
(948, 23, 0, '2025-03-17 13:53:39'),
(949, 23, 5, '2025-03-17 13:53:39'),
(950, 23, 11, '2025-03-17 13:53:39'),
(951, 23, 18, '2025-03-17 13:53:39'),
(952, 23, 30, '2025-03-17 13:53:39'),
(953, 23, 39, '2025-03-17 13:53:39'),
(954, 23, 40, '2025-03-17 13:53:39'),
(955, 23, 46, '2025-03-17 13:53:39'),
(956, 23, 47, '2025-03-17 13:53:39'),
(957, 23, 49, '2025-03-17 13:53:39'),
(958, 23, 50, '2025-03-17 13:53:39'),
(959, 23, 55, '2025-03-17 13:53:39'),
(960, 23, 58, '2025-03-17 13:53:39'),
(961, 23, 60, '2025-03-17 13:53:39'),
(962, 23, 68, '2025-03-17 13:53:39'),
(963, 23, 69, '2025-03-17 13:53:39'),
(964, 23, 81, '2025-03-17 13:53:39'),
(965, 23, 84, '2025-03-17 13:53:39'),
(966, 23, 85, '2025-03-17 13:53:39'),
(967, 23, 86, '2025-03-17 13:53:39'),
(968, 24, 6, '2025-03-17 13:53:39'),
(969, 24, 14, '2025-03-17 13:53:39'),
(970, 24, 25, '2025-03-17 13:53:39'),
(971, 24, 27, '2025-03-17 13:53:39'),
(972, 24, 41, '2025-03-17 13:53:39'),
(973, 24, 51, '2025-03-17 13:53:39'),
(974, 24, 72, '2025-03-17 13:53:39'),
(975, 25, 2, '2025-03-17 13:53:39'),
(976, 25, 12, '2025-03-17 13:53:39'),
(977, 25, 15, '2025-03-17 13:53:39'),
(978, 25, 18, '2025-03-17 13:53:39'),
(979, 25, 26, '2025-03-17 13:53:39'),
(980, 25, 29, '2025-03-17 13:53:39'),
(981, 26, 1, '2025-03-17 13:53:39'),
(982, 26, 5, '2025-03-17 13:53:39'),
(983, 26, 7, '2025-03-17 13:53:39'),
(984, 26, 10, '2025-03-17 13:53:39'),
(985, 26, 19, '2025-03-17 13:53:39'),
(986, 26, 21, '2025-03-17 13:53:39'),
(987, 26, 22, '2025-03-17 13:53:39');

-- --------------------------------------------------------

--
-- Estrutura da tabela `resultados`
--

CREATE TABLE `resultados` (
  `id` int NOT NULL,
  `tipo_jogo_id` int DEFAULT NULL,
  `numeros` varchar(255) NOT NULL,
  `data_sorteio` date NOT NULL,
  `created_at` timestamp NULL DEFAULT CURRENT_TIMESTAMP
) ENGINE=InnoDB DEFAULT CHARSET=utf8mb4 COLLATE=utf8mb4_0900_ai_ci;

--
-- Extraindo dados da tabela `resultados`
--

INSERT INTO `resultados` (`id`, `tipo_jogo_id`, `numeros`, `data_sorteio`, `created_at`) VALUES
(10, 1, '36,45,17,31,1', '2025-01-24', '2025-01-24 14:28:14'),
(11, 2, '12,33,43,38,27,6,15,35', '2025-01-29', '2025-01-29 14:32:54'),
(12, 4, '15,32,17,11,3,24,14,18,37,36,43,42,41,9,39', '2025-02-12', '2025-02-12 00:43:18');

-- --------------------------------------------------------

--
-- Estrutura da tabela `tipos_jogos`
--

CREATE TABLE `tipos_jogos` (
  `id` int NOT NULL,
  `nome` varchar(100) NOT NULL,
  `descricao` text,
  `regras` text,
  `min_numeros` int NOT NULL,
  `max_numeros` int NOT NULL,
  `range_numeros` int NOT NULL,
  `status` enum('ativo','inativo') DEFAULT 'ativo',
  `created_at` timestamp NULL DEFAULT CURRENT_TIMESTAMP
) ENGINE=InnoDB DEFAULT CHARSET=utf8mb4 COLLATE=utf8mb4_0900_ai_ci;

--
-- Extraindo dados da tabela `tipos_jogos`
--

INSERT INTO `tipos_jogos` (`id`, `nome`, `descricao`, `regras`, `min_numeros`, `max_numeros`, `range_numeros`, `status`, `created_at`) VALUES
(1, 'Loto Sena', 'Jogo tradicional de loteria', 'Marque até 40 dezenas das 60 dezenas. Acerte as sorteadas e fature a premiação!', 10, 40, 60, 'ativo', '2025-01-15 17:17:24');

-- --------------------------------------------------------

--
-- Estrutura da tabela `trips`
--

CREATE TABLE `trips` (
  `id` varchar(36) NOT NULL,
  `passenger_id` varchar(36) NOT NULL,
  `driver_id` varchar(36) DEFAULT NULL,
  `origin_lat` decimal(10,8) NOT NULL,
  `origin_lng` decimal(11,8) NOT NULL,
  `destination_lat` decimal(10,8) NOT NULL,
  `destination_lng` decimal(11,8) NOT NULL,
  `status` enum('SEARCHING','ACCEPTED','STARTED','COMPLETED','CANCELLED') NOT NULL DEFAULT 'SEARCHING',
  `price` decimal(10,2) DEFAULT NULL,
  `created_at` timestamp NULL DEFAULT CURRENT_TIMESTAMP,
  `updated_at` timestamp NULL DEFAULT CURRENT_TIMESTAMP ON UPDATE CURRENT_TIMESTAMP
) ENGINE=InnoDB DEFAULT CHARSET=utf8mb4 COLLATE=utf8mb4_0900_ai_ci;

-- --------------------------------------------------------

--
-- Estrutura da tabela `users`
--

CREATE TABLE `users` (
  `id` varchar(36) NOT NULL,
  `name` varchar(100) NOT NULL,
  `email` varchar(100) NOT NULL,
  `type` enum('PASSENGER','DRIVER') NOT NULL,
  `phone` varchar(20) NOT NULL,
  `car_model` varchar(50) DEFAULT NULL,
  `car_plate` varchar(10) DEFAULT NULL,
  `car_color` varchar(20) DEFAULT NULL,
  `created_at` timestamp NULL DEFAULT CURRENT_TIMESTAMP,
  `updated_at` timestamp NULL DEFAULT CURRENT_TIMESTAMP ON UPDATE CURRENT_TIMESTAMP
) ENGINE=InnoDB DEFAULT CHARSET=utf8mb4 COLLATE=utf8mb4_0900_ai_ci;

-- --------------------------------------------------------

--
-- Estrutura da tabela `usuarios`
--

CREATE TABLE `usuarios` (
  `id` int NOT NULL,
  `nome` varchar(100) NOT NULL,
  `email` varchar(100) NOT NULL,
  `telefone` varchar(20) DEFAULT NULL,
  `whatsapp` varchar(20) DEFAULT NULL,
  `senha` varchar(255) NOT NULL,
  `tipo` enum('admin','usuario','revendedor') DEFAULT 'usuario',
  `created_at` timestamp NULL DEFAULT CURRENT_TIMESTAMP,
  `revendedor_id` int DEFAULT NULL,
  `comissao` decimal(5,2) DEFAULT '0.00',
  `data_cadastro` datetime DEFAULT CURRENT_TIMESTAMP,
  `status` tinyint(1) DEFAULT '1'
) ENGINE=InnoDB DEFAULT CHARSET=utf8mb4 COLLATE=utf8mb4_0900_ai_ci;

--
-- Extraindo dados da tabela `usuarios`
--

INSERT INTO `usuarios` (`id`, `nome`, `email`, `telefone`, `whatsapp`, `senha`, `tipo`, `created_at`, `revendedor_id`, `comissao`, `data_cadastro`, `status`) VALUES
(1, 'Administrador', 'admin@admin.com', NULL, NULL, '$2a$12$3AmrALLp8FxMLhOwek8eguFi3oa/3dvJ03TWYqFe1jg19vLOzvx6W', 'admin', '2025-01-10 17:02:01', NULL, '0.00', '2025-03-03 17:57:38', 1),
(3, 'Administrador', 'admin@sistema.com', NULL, NULL, '$2a$12$3AmrALLp8FxMLhOwek8eguFi3oa/3dvJ03TWYqFe1jg19vLOzvx6W', 'admin', '2025-01-10 17:57:57', NULL, '0.00', '2025-03-03 17:57:38', 1),
(5, 'Evandro2', 'a@a.com', '', '(31) 97101-6600', '$2y$10$3khZIqjnyuTgeFEQxIaKTuocscHLf2y4wbl34pq0yDXlBnxAILNMu', 'usuario', '2025-01-10 18:21:13', NULL, '0.00', '2025-03-03 17:57:38', 1),
(6, 'Lucas Santos', 'l@l.com', NULL, '(31) 99999-8888', '$2y$10$T0sBQwZkeSmF0rWvNR5ecOe350KLmqqecmvqkS4Q0z42qHt5WoBnK', 'usuario', '2025-01-24 17:03:59', NULL, '0.00', '2025-03-03 17:57:38', 1),
(9, 'Adriano Cunha', 'adrianoconsultorimobiliariosl@gmail.com', NULL, '35988111615', '$2y$10$ru0ybP6x8lqfJIm0eH0xi.C/I2uWNsepq2SLQKXJiV0.1iQq.lF7e', 'revendedor', '2025-02-12 00:12:05', NULL, '100.00', '2025-03-03 17:57:38', 0),
(10, 'Adriano Cunha apostador', 'aa@a.com', NULL, '(35) 99999-0000', '$2y$10$UY.R1O350fDuH/VKhyMMhOX3ZHG6s9vF9a4JLjKblj3o0qO/IzZ5K', 'usuario', '2025-02-12 00:46:46', NULL, '0.00', '2025-03-03 17:57:38', 1),
(11, 'Evandro Sabino2', 'ev@ev.com', NULL, '(31) 99999-1111', '$2y$10$T/BYobSUFWqXkxk6JaVl4e.KBvtY2M74QoYGIQ3RpxK7rVlQ9PISK', 'usuario', '2025-03-07 00:32:53', 9, '0.00', '2025-03-06 21:32:53', 1),
(12, 'Adriano Cunha', 'adriano_tropadeelite@hotmail.com', NULL, '35988111615', '$2y$10$CJadPUg6739wwCyafBaiPOq8b1dH1GtLSSdOKr2At9fedG3ojHT6e', 'revendedor', '2025-03-18 22:05:47', NULL, '100.00', '2025-03-18 22:05:47', 1),
(13, 'douglas cristiano da luz', 'douglasleticiadavi@hotmail.com', NULL, '35997350828', '$2y$10$uEOo54P14r2zFUTPVDF5C.aDxqLhdivcvjqlHhiUUwCwAp1HpgpSG', 'revendedor', '2025-03-18 23:00:45', NULL, '25.00', '2025-03-18 23:00:45', 1),
(16, 'evandro', 'e@e.com', NULL, '31971016685', '$2y$10$ROFeyNFuSJsF5EwtgcCV1.QiTTdEHO0ROSxpI9d6tc4U9svjd8zuW', 'revendedor', '2025-03-19 19:08:19', NULL, '100.00', '2025-03-19 19:08:19', 1),
(17, 'Leila Maria de carvalho', 'leiloca@hotmail.com', NULL, '35997342951', '$2y$10$YZkw5tV5Y1pQV8XOLysW1.PaqO.1TgrA8pvU65lqZlmqJ585J0cdi', 'usuario', '2025-03-20 17:39:40', 12, '0.00', '2025-03-20 17:39:40', 1),
(18, 'evandro', 'ev@e.com', NULL, '(31) 99999-8888', '$2y$10$U0BJ8sqDWd2L8UNorxMlgeNmLpdDNL4MQzsS2thNCIYppZpp5Gp5K', 'revendedor', '2025-03-20 17:41:12', 16, '0.00', '2025-03-20 17:41:12', 1),
(37, 'douglas', 'douglas@hotmail.com', NULL, '35997350828', '$2y$10$x1XqjhaA4/ez4Q7/od9DneX6aXGrWftBMkBtYK5ee.tuX4gbbXlhe', 'usuario', '2025-03-20 18:08:18', 12, '0.00', '2025-03-20 18:08:18', 1),
(48, 'Leticia', 'leticia@hotmail.com', NULL, '35997350828', '$2y$10$iDRtSDmhSvvRsZkQTABCFOA3TL9dZVheA/40CvCn6GXztB8Q/gNzy', 'usuario', '2025-03-20 18:12:31', 13, '0.00', '2025-03-20 18:12:31', 1),
(49, 'Rodrigo ', 'leticiadouglasdavi@hotmail.com', NULL, '35987654467', '$2y$10$m6w1xFq0UofMPjaNxZlBvuLqqS/jlBuhxbpKRU0GZmkvSSkj04Cda', 'usuario', '2025-03-20 18:13:58', 13, '0.00', '2025-03-20 18:13:58', 1),
(50, 'davi', 'davipereiradaluz678@gmail.com', NULL, '636374748', '$2y$10$1RPTBSSt1rgpywK9v9Jhbew9V2.ggm3v.TZ3F7yl7pY.tzaGM.CLW', 'usuario', '2025-03-20 18:15:46', 13, '0.00', '2025-03-20 18:15:46', 1),
(51, 'apostador 2', 'ap2@a.com', NULL, '(31) 99999-1100', '$2y$10$SKKeLc4Jm7AcKBKcMoQAfOuMYriVSJP5w4GR21MLkr.QCgTadhpgq', 'usuario', '2025-03-24 12:29:58', 18, '0.00', '2025-03-24 12:29:58', 1),
(52, 'adriano cunha', 'ad@gmail.com', NULL, '35988111615', '$2y$10$cyt84H9IzyvqE3ANditIfeUuBQoyuezGKNpm8Hy20m/ePscKh.9B2', 'usuario', '2025-03-28 19:18:34', 12, '0.00', '2025-03-28 19:18:34', 1);

-- --------------------------------------------------------

--
-- Estrutura da tabela `valores_jogos`
--

CREATE TABLE `valores_jogos` (
  `id` int NOT NULL,
  `jogo_id` int NOT NULL,
  `valor_aposta` decimal(15,2) NOT NULL,
  `dezenas` int NOT NULL,
  `valor_premio` decimal(15,2) NOT NULL,
  `valor_total_premio` decimal(15,2) GENERATED ALWAYS AS (`valor_premio`) STORED
) ENGINE=InnoDB DEFAULT CHARSET=utf8mb4 COLLATE=utf8mb4_0900_ai_ci;

--
-- Extraindo dados da tabela `valores_jogos`
--

INSERT INTO `valores_jogos` (`id`, `jogo_id`, `valor_aposta`, `dezenas`, `valor_premio`) VALUES
(2478, 3, '1.00', 17, '7000.00'),
(2479, 3, '1.50', 17, '10500.00'),
(2480, 3, '2.00', 17, '14000.00'),
(2481, 3, '2.50', 17, '17500.00'),
(2482, 3, '3.00', 17, '21000.00'),
(2483, 3, '3.50', 17, '24500.00'),
(2484, 3, '4.00', 17, '28000.00'),
(2485, 3, '4.30', 17, '30000.00'),
(2486, 3, '1.00', 18, '1500.00'),
(2487, 3, '1.50', 18, '2250.00'),
(2488, 3, '2.00', 18, '3000.00'),
(2489, 3, '3.00', 18, '4500.00'),
(2490, 3, '5.00', 18, '7500.00'),
(2491, 3, '7.00', 18, '10500.00'),
(2492, 3, '10.00', 18, '15000.00'),
(2493, 3, '15.00', 18, '22500.00'),
(2494, 3, '20.00', 18, '30000.00'),
(2495, 3, '1.00', 19, '600.00'),
(2496, 3, '1.50', 19, '900.00'),
(2497, 3, '2.00', 19, '1200.00'),
(2498, 3, '3.00', 19, '1800.00'),
(2499, 3, '5.00', 19, '3000.00'),
(2500, 3, '7.00', 19, '4200.00'),
(2501, 3, '10.00', 19, '6000.00'),
(2502, 3, '15.00', 19, '9000.00'),
(2503, 3, '20.00', 19, '12000.00'),
(2504, 3, '25.00', 19, '15000.00'),
(2505, 3, '50.00', 19, '30000.00'),
(2506, 3, '1.00', 20, '140.00'),
(2507, 3, '1.50', 20, '210.00'),
(2508, 3, '2.00', 20, '280.00'),
(2509, 3, '3.00', 20, '420.00'),
(2510, 3, '5.00', 20, '700.00'),
(2511, 3, '7.00', 20, '980.00'),
(2512, 3, '10.00', 20, '1400.00'),
(2513, 3, '25.00', 20, '3500.00'),
(2514, 3, '100.00', 20, '14000.00'),
(2515, 3, '1.00', 21, '50.00'),
(2516, 3, '1.50', 21, '75.00'),
(2517, 3, '2.00', 21, '100.00'),
(2518, 3, '3.00', 21, '150.00'),
(2519, 3, '5.00', 21, '250.00'),
(2520, 3, '7.00', 21, '350.00'),
(2521, 3, '10.00', 21, '500.00'),
(2522, 3, '15.00', 21, '750.00'),
(2523, 3, '20.00', 21, '1000.00'),
(2524, 3, '50.00', 21, '2500.00'),
(2525, 3, '100.00', 21, '5000.00'),
(2526, 3, '1.00', 22, '13.00'),
(2527, 3, '1.50', 22, '19.50'),
(2528, 3, '2.00', 22, '26.00'),
(2529, 3, '3.00', 22, '39.00'),
(2530, 3, '5.00', 22, '65.00'),
(2531, 3, '7.00', 22, '91.00'),
(2532, 3, '10.00', 22, '130.00'),
(2533, 3, '15.00', 22, '195.00'),
(2534, 3, '20.00', 22, '260.00'),
(2535, 3, '50.00', 22, '650.00'),
(2536, 3, '100.00', 22, '1300.00'),
(2537, 3, '5.00', 23, '25.00'),
(2538, 3, '10.00', 23, '50.00'),
(2539, 3, '25.00', 23, '125.00'),
(2540, 3, '50.00', 23, '250.00'),
(2541, 3, '100.00', 23, '500.00'),
(2542, 14, '1.00', 10, '2000.00'),
(2543, 14, '1.50', 10, '3000.00'),
(2544, 14, '2.00', 10, '4000.00'),
(2545, 14, '3.00', 10, '6000.00'),
(2546, 14, '4.00', 10, '8000.00'),
(2547, 14, '5.00', 10, '10000.00'),
(2548, 14, '10.00', 10, '20000.00'),
(2549, 14, '15.00', 10, '30000.00'),
(2550, 14, '1.00', 15, '350.00'),
(2551, 14, '1.50', 15, '525.00'),
(2552, 14, '2.00', 15, '700.00'),
(2553, 14, '3.00', 15, '1050.00'),
(2554, 14, '4.00', 15, '1400.00'),
(2555, 14, '5.00', 15, '1750.00'),
(2556, 14, '10.00', 15, '3500.00'),
(2557, 14, '15.00', 15, '5250.00'),
(2558, 14, '20.00', 15, '7000.00'),
(2559, 14, '25.00', 15, '8750.00'),
(2560, 14, '50.00', 15, '17500.00'),
(2561, 14, '86.00', 15, '30000.00'),
(2562, 14, '1.00', 20, '135.00'),
(2563, 14, '1.50', 20, '202.50'),
(2564, 14, '2.00', 20, '270.00'),
(2565, 14, '3.00', 20, '405.00'),
(2566, 14, '4.00', 20, '540.00'),
(2567, 14, '5.00', 20, '675.00'),
(2568, 14, '10.00', 20, '1350.00'),
(2569, 14, '15.00', 20, '2025.00'),
(2570, 14, '20.00', 20, '2700.00'),
(2571, 14, '25.00', 20, '3375.00'),
(2572, 14, '50.00', 20, '6750.00'),
(2573, 14, '100.00', 20, '13500.00'),
(2574, 14, '1.00', 25, '45.00'),
(2575, 14, '1.50', 25, '67.50'),
(2576, 14, '2.00', 25, '90.00'),
(2577, 14, '3.00', 25, '135.00'),
(2578, 14, '4.00', 25, '180.00'),
(2579, 14, '5.00', 25, '225.00'),
(2580, 14, '10.00', 25, '450.00'),
(2581, 14, '15.00', 25, '615.00'),
(2582, 14, '20.00', 25, '900.00'),
(2583, 14, '25.00', 25, '1125.00'),
(2584, 14, '50.00', 25, '2250.00'),
(2585, 14, '100.00', 25, '4500.00'),
(2586, 14, '1.00', 30, '15.00'),
(2587, 14, '1.50', 30, '22.50'),
(2588, 14, '2.00', 30, '30.00'),
(2589, 14, '3.00', 30, '45.00'),
(2590, 14, '4.00', 30, '60.00'),
(2591, 14, '5.00', 30, '75.00'),
(2592, 14, '10.00', 30, '150.00'),
(2593, 14, '15.00', 30, '225.00'),
(2594, 14, '20.00', 30, '300.00'),
(2595, 14, '25.00', 30, '375.00'),
(2596, 14, '50.00', 30, '750.00'),
(2597, 14, '100.00', 30, '1500.00'),
(2598, 14, '1.00', 35, '6.00'),
(2599, 14, '1.50', 35, '9.00'),
(2600, 14, '2.00', 35, '12.00'),
(2601, 14, '3.00', 35, '18.00'),
(2602, 14, '4.00', 35, '24.00'),
(2603, 14, '5.00', 35, '30.00'),
(2604, 14, '10.00', 35, '60.00'),
(2605, 14, '15.00', 35, '90.00'),
(2606, 14, '20.00', 35, '120.00'),
(2607, 14, '25.00', 35, '150.00'),
(2608, 14, '50.00', 35, '300.00'),
(2609, 14, '100.00', 35, '600.00'),
(2610, 6, '1.00', 55, '15000.00'),
(2611, 6, '1.50', 55, '22500.00'),
(2612, 6, '2.00', 55, '30000.00'),
(2613, 6, '1.00', 60, '10000.00'),
(2614, 6, '1.50', 60, '15000.00'),
(2615, 6, '2.00', 60, '20000.00'),
(2616, 6, '2.50', 60, '25000.00'),
(2617, 6, '3.00', 60, '30000.00'),
(2618, 6, '1.00', 65, '2000.00'),
(2619, 6, '1.50', 65, '3000.00'),
(2620, 6, '2.00', 65, '4000.00'),
(2621, 6, '2.50', 65, '5000.00'),
(2622, 6, '3.00', 65, '6000.00'),
(2623, 6, '5.00', 65, '10000.00'),
(2624, 6, '7.00', 65, '14000.00'),
(2625, 6, '10.00', 65, '20000.00'),
(2626, 6, '15.00', 65, '30000.00'),
(2627, 6, '1.00', 70, '520.00'),
(2628, 6, '1.50', 70, '780.00'),
(2629, 6, '2.00', 70, '1040.00'),
(2630, 6, '3.00', 70, '1560.00'),
(2631, 6, '5.00', 70, '2600.00'),
(2632, 6, '7.00', 70, '3640.00'),
(2633, 6, '10.00', 70, '5200.00'),
(2634, 6, '15.00', 70, '7800.00'),
(2635, 6, '20.00', 70, '10400.00'),
(2636, 6, '25.00', 70, '13000.00'),
(2637, 6, '50.00', 70, '26000.00'),
(2638, 6, '58.00', 70, '30000.00'),
(2639, 6, '1.00', 75, '280.00'),
(2640, 6, '1.50', 75, '420.00'),
(2641, 6, '2.00', 75, '560.00'),
(2642, 6, '3.00', 75, '840.00'),
(2643, 6, '5.00', 75, '1400.00'),
(2644, 6, '7.00', 75, '1960.00'),
(2645, 6, '10.00', 75, '2800.00'),
(2646, 6, '15.00', 75, '4200.00'),
(2647, 6, '20.00', 75, '5600.00'),
(2648, 6, '25.00', 75, '7000.00'),
(2649, 6, '50.00', 75, '14000.00'),
(2650, 6, '100.00', 75, '28000.00'),
(2651, 6, '1.00', 80, '77.00'),
(2652, 6, '1.50', 80, '115.00'),
(2653, 6, '2.00', 80, '154.00'),
(2654, 6, '3.00', 80, '231.00'),
(2655, 6, '5.00', 80, '385.00'),
(2656, 6, '7.00', 80, '539.00'),
(2657, 6, '10.00', 80, '770.00'),
(2658, 6, '15.00', 80, '1155.00'),
(2659, 6, '20.00', 80, '1540.00'),
(2660, 6, '25.00', 80, '1925.00'),
(2661, 6, '50.00', 80, '3850.00'),
(2662, 6, '100.00', 80, '7700.00'),
(2663, 6, '5.00', 85, '75.00'),
(2664, 6, '5.50', 85, '82.50'),
(2665, 6, '10.00', 85, '150.00'),
(2666, 6, '15.00', 85, '225.00'),
(2667, 6, '20.00', 85, '300.00'),
(2668, 6, '25.00', 85, '375.00'),
(2669, 6, '50.00', 85, '750.00'),
(2670, 6, '100.00', 85, '1150.00'),
(2796, 11, '1.00', 20, '2000.00'),
(2797, 11, '1.50', 20, '3000.00'),
(2798, 11, '2.00', 20, '4000.00'),
(2799, 11, '3.00', 20, '6000.00'),
(2800, 11, '5.00', 20, '10000.00'),
(2801, 11, '10.00', 20, '20000.00'),
(2802, 11, '15.00', 20, '30000.00'),
(2803, 11, '1.00', 25, '900.00'),
(2804, 11, '1.50', 25, '1350.00'),
(2805, 11, '2.00', 25, '1800.00'),
(2806, 11, '3.00', 25, '2700.00'),
(2807, 11, '5.00', 25, '4500.00'),
(2808, 11, '10.00', 25, '9000.00'),
(2809, 11, '15.00', 25, '13500.00'),
(2810, 11, '20.00', 25, '18000.00'),
(2811, 11, '25.00', 25, '22500.00'),
(2812, 11, '34.00', 25, '30000.00'),
(2813, 11, '1.00', 30, '320.00'),
(2814, 11, '1.50', 30, '480.00'),
(2815, 11, '2.00', 30, '640.00'),
(2816, 11, '3.00', 30, '960.00'),
(2817, 11, '5.00', 30, '1600.00'),
(2818, 11, '10.00', 30, '3200.00'),
(2819, 11, '15.00', 30, '4800.00'),
(2820, 11, '20.00', 30, '6400.00'),
(2821, 11, '25.00', 30, '8000.00'),
(2822, 11, '50.00', 30, '16000.00'),
(2823, 11, '94.00', 30, '30000.00'),
(2824, 11, '1.00', 35, '120.00'),
(2825, 11, '1.50', 35, '180.00'),
(2826, 11, '2.00', 35, '240.00'),
(2827, 11, '3.00', 35, '360.00'),
(2828, 11, '5.00', 35, '600.00'),
(2829, 11, '10.00', 35, '1200.00'),
(2830, 11, '15.00', 35, '1800.00'),
(2831, 11, '20.00', 35, '2400.00'),
(2832, 11, '25.00', 35, '3000.00'),
(2833, 11, '50.00', 35, '6000.00'),
(2834, 11, '100.00', 35, '12000.00'),
(2835, 11, '1.00', 40, '65.00'),
(2836, 11, '1.50', 40, '97.50'),
(2837, 11, '2.00', 40, '130.00'),
(2838, 11, '3.00', 40, '195.00'),
(2839, 11, '5.00', 40, '325.00'),
(2840, 11, '10.00', 40, '650.00'),
(2841, 11, '15.00', 40, '975.00'),
(2842, 11, '20.00', 40, '1300.00'),
(2843, 11, '25.00', 40, '1625.00'),
(2844, 11, '50.00', 40, '3250.00'),
(2845, 11, '100.00', 40, '6500.00'),
(2846, 11, '5.00', 45, '160.00'),
(2847, 11, '5.50', 45, '176.00'),
(2848, 11, '10.00', 45, '320.00'),
(2849, 11, '15.00', 45, '480.00'),
(2850, 11, '20.00', 45, '640.00'),
(2851, 11, '25.00', 45, '800.00'),
(2852, 11, '50.00', 45, '1600.00'),
(2853, 11, '100.00', 45, '3200.00'),
(2854, 11, '5.00', 50, '80.00'),
(2855, 11, '5.50', 50, '88.00'),
(2856, 11, '10.00', 50, '160.00'),
(2857, 11, '15.00', 50, '240.00'),
(2858, 11, '20.00', 50, '320.00'),
(2859, 11, '25.00', 50, '400.00'),
(2860, 11, '50.00', 50, '800.00'),
(2861, 11, '100.00', 50, '1600.00'),
(2862, 11, '5.00', 55, '50.00'),
(2863, 11, '5.50', 55, '55.00'),
(2864, 11, '10.00', 55, '100.00'),
(2865, 11, '15.00', 55, '150.00'),
(2866, 11, '20.00', 55, '200.00'),
(2867, 11, '25.00', 55, '250.00'),
(2868, 11, '50.00', 55, '500.00'),
(2869, 11, '100.00', 55, '1000.00'),
(2870, 15, '1.00', 15, '265.00'),
(2871, 15, '1.50', 15, '397.50'),
(2872, 15, '2.00', 15, '530.00'),
(2873, 15, '3.00', 15, '795.00'),
(2874, 15, '5.00', 15, '1325.00'),
(2875, 15, '10.00', 15, '2650.00'),
(2876, 15, '15.00', 15, '3975.00'),
(2877, 15, '20.00', 15, '5300.00'),
(2878, 15, '25.00', 15, '6625.00'),
(2879, 15, '50.00', 15, '13250.00'),
(2880, 15, '100.00', 15, '26500.00'),
(2881, 15, '1.00', 16, '153.00'),
(2882, 15, '1.50', 16, '228.00'),
(2883, 15, '2.00', 16, '306.00'),
(2884, 15, '3.00', 16, '459.00'),
(2885, 15, '5.00', 16, '760.00'),
(2886, 15, '10.00', 16, '1520.00'),
(2887, 15, '15.00', 16, '2280.00'),
(2888, 15, '20.00', 16, '3040.00'),
(2889, 15, '25.00', 16, '3800.00'),
(2890, 15, '50.00', 16, '7600.00'),
(2891, 15, '100.00', 16, '15200.00'),
(2892, 15, '1.00', 17, '90.00'),
(2893, 15, '1.50', 17, '135.00'),
(2894, 15, '2.00', 17, '180.00'),
(2895, 15, '3.00', 17, '270.00'),
(2896, 15, '5.00', 17, '450.00'),
(2897, 15, '10.00', 17, '900.00'),
(2898, 15, '15.00', 17, '1350.00'),
(2899, 15, '20.00', 17, '1800.00'),
(2900, 15, '25.00', 17, '2250.00'),
(2901, 15, '50.00', 17, '4500.00'),
(2902, 15, '100.00', 17, '9000.00'),
(2903, 15, '1.00', 18, '55.00'),
(2904, 15, '1.50', 18, '82.50'),
(2905, 15, '2.00', 18, '110.00'),
(2906, 15, '3.00', 18, '165.00'),
(2907, 15, '5.00', 18, '275.00'),
(2908, 15, '10.00', 18, '550.00'),
(2909, 15, '15.00', 18, '825.00'),
(2910, 15, '20.00', 18, '1100.00'),
(2911, 15, '25.00', 18, '1375.00'),
(2912, 15, '50.00', 18, '2750.00'),
(2913, 15, '100.00', 18, '5500.00'),
(2914, 15, '1.00', 19, '36.00'),
(2915, 15, '1.50', 19, '54.00'),
(2916, 15, '2.00', 19, '108.00'),
(2917, 15, '5.00', 19, '180.00'),
(2918, 15, '10.00', 19, '360.00'),
(2919, 15, '15.00', 19, '540.00'),
(2920, 15, '20.00', 19, '720.00'),
(2921, 15, '25.00', 19, '900.00'),
(2922, 15, '50.00', 19, '1800.00'),
(2923, 15, '100.00', 19, '3600.00'),
(2924, 15, '1.00', 20, '23.00'),
(2925, 15, '1.50', 20, '34.50'),
(2926, 15, '2.00', 20, '69.00'),
(2927, 15, '5.00', 20, '115.00'),
(2928, 15, '10.00', 20, '230.00'),
(2929, 15, '15.00', 20, '345.00'),
(2930, 15, '20.00', 20, '460.00'),
(2931, 15, '25.00', 20, '575.00'),
(2932, 15, '50.00', 20, '1150.00'),
(2933, 15, '100.00', 20, '2300.00'),
(2934, 15, '1.00', 21, '16.00'),
(2935, 15, '1.50', 21, '24.00'),
(2936, 15, '2.00', 21, '48.00'),
(2937, 15, '5.00', 21, '80.00'),
(2938, 15, '10.00', 21, '160.00'),
(2939, 15, '15.00', 21, '240.00'),
(2940, 15, '20.00', 21, '320.00'),
(2941, 15, '25.00', 21, '400.00'),
(2942, 15, '50.00', 21, '800.00'),
(2943, 15, '100.00', 21, '1600.00'),
(2944, 15, '5.00', 22, '55.00'),
(2945, 15, '5.50', 22, '60.50'),
(2946, 15, '10.00', 22, '110.00'),
(2947, 15, '15.00', 22, '165.00'),
(2948, 15, '20.00', 22, '220.00'),
(2949, 15, '25.00', 22, '275.00'),
(2950, 15, '50.00', 22, '550.00'),
(2951, 15, '100.00', 22, '1100.00'),
(2952, 9, '1.00', 20, '800.00'),
(2953, 9, '1.50', 20, '1200.00'),
(2954, 9, '2.00', 20, '1600.00'),
(2955, 9, '3.00', 20, '2400.00'),
(2956, 9, '5.00', 20, '4000.00'),
(2957, 9, '7.00', 20, '5600.00'),
(2958, 9, '10.00', 20, '8000.00'),
(2959, 9, '15.00', 20, '12000.00'),
(2960, 9, '20.00', 20, '16000.00'),
(2961, 9, '25.00', 20, '20000.00'),
(2962, 9, '37.50', 20, '30000.00'),
(2963, 9, '1.00', 25, '167.00'),
(2964, 9, '1.50', 25, '250.50'),
(2965, 9, '2.00', 25, '334.00'),
(2966, 9, '3.00', 25, '501.00'),
(2967, 9, '5.00', 25, '835.00'),
(2968, 9, '7.00', 25, '1169.00'),
(2969, 9, '10.00', 25, '1670.00'),
(2970, 9, '15.00', 25, '2505.00'),
(2971, 9, '20.00', 25, '3340.00'),
(2972, 9, '25.00', 25, '4175.00'),
(2973, 9, '50.00', 25, '8350.00'),
(2974, 9, '100.00', 25, '16700.00'),
(2975, 9, '1.00', 30, '56.00'),
(2976, 9, '1.50', 30, '84.00'),
(2977, 9, '2.00', 30, '112.00'),
(2978, 9, '3.00', 30, '168.00'),
(2979, 9, '5.00', 30, '280.00'),
(2980, 9, '7.00', 30, '392.00'),
(2981, 9, '10.00', 30, '560.00'),
(2982, 9, '15.00', 30, '840.00'),
(2983, 9, '20.00', 30, '1120.00'),
(2984, 9, '25.00', 30, '1400.00'),
(2985, 9, '50.00', 30, '2800.00'),
(2986, 9, '100.00', 30, '5600.00'),
(2987, 9, '1.00', 35, '22.00'),
(2988, 9, '1.50', 35, '33.00'),
(2989, 9, '2.00', 35, '44.00'),
(2990, 9, '3.00', 35, '66.00'),
(2991, 9, '5.00', 35, '110.00'),
(2992, 9, '7.00', 35, '154.00'),
(2993, 9, '10.00', 35, '220.00'),
(2994, 9, '15.00', 35, '330.00'),
(2995, 9, '25.00', 35, '550.00'),
(2996, 9, '50.00', 35, '1100.00'),
(2997, 9, '100.00', 35, '2200.00'),
(2998, 9, '5.00', 40, '45.00'),
(2999, 9, '5.50', 40, '49.50'),
(3000, 9, '10.00', 40, '90.00'),
(3001, 9, '15.00', 40, '135.00'),
(3002, 9, '25.00', 40, '225.00'),
(3003, 9, '50.00', 40, '450.00'),
(3004, 9, '100.00', 40, '900.00'),
(3005, 9, '5.00', 45, '15.00'),
(3006, 9, '5.50', 45, '16.50'),
(3007, 9, '10.00', 45, '30.00'),
(3008, 9, '15.00', 45, '45.00'),
(3009, 9, '25.00', 45, '75.00'),
(3010, 9, '50.00', 45, '150.00'),
(3011, 9, '100.00', 45, '300.00'),
(3012, 9, '20.00', 45, '60.00'),
(3013, 8, '1.00', 20, '800.00'),
(3014, 8, '1.50', 20, '1200.00'),
(3015, 8, '2.00', 20, '1600.00'),
(3016, 8, '3.00', 20, '2400.00'),
(3017, 8, '5.00', 20, '4000.00'),
(3018, 8, '10.00', 20, '8000.00'),
(3019, 8, '15.00', 20, '12000.00'),
(3020, 8, '20.00', 20, '16000.00'),
(3021, 8, '25.00', 20, '20000.00'),
(3022, 8, '37.50', 20, '30000.00'),
(3023, 8, '1.00', 25, '260.00'),
(3024, 8, '1.50', 25, '390.00'),
(3025, 8, '2.00', 25, '520.00'),
(3026, 8, '3.00', 25, '780.00'),
(3027, 8, '5.00', 25, '1300.00'),
(3028, 8, '10.00', 25, '2600.00'),
(3029, 8, '15.00', 25, '3900.00'),
(3030, 8, '20.00', 25, '5200.00'),
(3031, 8, '25.00', 25, '6500.00'),
(3032, 8, '50.00', 25, '13000.00'),
(3033, 8, '100.00', 25, '26000.00'),
(3034, 8, '1.00', 30, '115.00'),
(3035, 8, '1.50', 30, '172.50'),
(3036, 8, '2.00', 30, '230.00'),
(3037, 8, '3.00', 30, '345.00'),
(3038, 8, '5.00', 30, '575.00'),
(3039, 8, '10.00', 30, '1150.00'),
(3040, 8, '15.00', 30, '1725.00'),
(3041, 8, '20.00', 30, '2300.00'),
(3042, 8, '25.00', 30, '2875.00'),
(3043, 8, '50.00', 30, '5750.00'),
(3044, 8, '100.00', 30, '11500.00'),
(3045, 8, '1.00', 35, '55.00'),
(3046, 8, '1.50', 35, '82.50'),
(3047, 8, '2.00', 35, '110.00'),
(3048, 8, '3.00', 35, '165.00'),
(3049, 8, '5.00', 35, '275.00'),
(3050, 8, '10.00', 35, '550.00'),
(3051, 8, '15.00', 35, '825.00'),
(3052, 8, '20.00', 35, '1100.00'),
(3053, 8, '25.00', 35, '1375.00'),
(3054, 8, '50.00', 35, '2750.00'),
(3055, 8, '100.00', 35, '5500.00'),
(3056, 8, '1.00', 40, '26.00'),
(3057, 8, '1.50', 40, '39.00'),
(3058, 8, '2.00', 40, '52.00'),
(3059, 8, '3.00', 40, '78.00'),
(3060, 8, '5.00', 40, '130.00'),
(3061, 8, '10.00', 40, '260.00'),
(3062, 8, '15.00', 40, '390.00'),
(3063, 8, '20.00', 40, '520.00'),
(3064, 8, '25.00', 40, '650.00'),
(3065, 8, '50.00', 40, '1300.00'),
(3066, 8, '100.00', 40, '2600.00'),
(3067, 8, '5.00', 45, '65.00'),
(3068, 8, '10.00', 45, '130.00'),
(3069, 8, '15.00', 45, '195.00'),
(3070, 8, '20.00', 45, '260.00'),
(3071, 8, '25.00', 45, '325.00'),
(3072, 8, '50.00', 45, '650.00'),
(3073, 8, '100.00', 45, '1300.00'),
(3074, 8, '5.00', 50, '25.00'),
(3075, 8, '10.00', 50, '50.00'),
(3076, 8, '25.00', 50, '250.00'),
(3077, 8, '100.00', 50, '500.00'),
(3078, 8, '5.50', 50, '27.50');

--
-- Índices para tabelas despejadas
--

--
-- Índices para tabela `admins`
--
ALTER TABLE `admins`
  ADD PRIMARY KEY (`id`),
  ADD UNIQUE KEY `email` (`email`);

--
-- Índices para tabela `apostas`
--
ALTER TABLE `apostas`
  ADD PRIMARY KEY (`id`),
  ADD KEY `usuario_id` (`usuario_id`),
  ADD KEY `apostas_ibfk_2` (`tipo_jogo_id`),
  ADD KEY `revendedor_id` (`revendedor_id`);

--
-- Índices para tabela `apostas_importadas`
--
ALTER TABLE `apostas_importadas`
  ADD PRIMARY KEY (`id`),
  ADD KEY `usuario_id` (`usuario_id`),
  ADD KEY `revendedor_id` (`revendedor_id`);

--
-- Índices para tabela `concursos`
--
ALTER TABLE `concursos`
  ADD PRIMARY KEY (`id`),
  ADD KEY `jogo_id` (`jogo_id`);

--
-- Índices para tabela `configuracoes`
--
ALTER TABLE `configuracoes`
  ADD PRIMARY KEY (`id`);

--
-- Índices para tabela `configuracoes_apostas`
--
ALTER TABLE `configuracoes_apostas`
  ADD PRIMARY KEY (`id`),
  ADD KEY `tipo_jogo_id` (`tipo_jogo_id`);

--
-- Índices para tabela `ganhadores`
--
ALTER TABLE `ganhadores`
  ADD PRIMARY KEY (`id`),
  ADD KEY `resultado_id` (`resultado_id`),
  ADD KEY `usuario_id` (`usuario_id`),
  ADD KEY `aposta_id` (`aposta_id`);

--
-- Índices para tabela `jogos`
--
ALTER TABLE `jogos`
  ADD PRIMARY KEY (`id`);

--
-- Índices para tabela `numeros_sorteados`
--
ALTER TABLE `numeros_sorteados`
  ADD PRIMARY KEY (`id`),
  ADD KEY `concurso_id` (`concurso_id`);

--
-- Índices para tabela `resultados`
--
ALTER TABLE `resultados`
  ADD PRIMARY KEY (`id`),
  ADD KEY `jogo_id` (`tipo_jogo_id`);

--
-- Índices para tabela `tipos_jogos`
--
ALTER TABLE `tipos_jogos`
  ADD PRIMARY KEY (`id`);

--
-- Índices para tabela `trips`
--
ALTER TABLE `trips`
  ADD PRIMARY KEY (`id`),
  ADD KEY `passenger_id` (`passenger_id`),
  ADD KEY `driver_id` (`driver_id`);

--
-- Índices para tabela `users`
--
ALTER TABLE `users`
  ADD PRIMARY KEY (`id`),
  ADD UNIQUE KEY `email` (`email`);

--
-- Índices para tabela `usuarios`
--
ALTER TABLE `usuarios`
  ADD PRIMARY KEY (`id`),
  ADD UNIQUE KEY `email` (`email`),
  ADD KEY `revendedor_id` (`revendedor_id`);

--
-- Índices para tabela `valores_jogos`
--
ALTER TABLE `valores_jogos`
  ADD PRIMARY KEY (`id`),
  ADD KEY `idx_jogo_dezenas` (`jogo_id`,`dezenas`);

--
-- AUTO_INCREMENT de tabelas despejadas
--

--
-- AUTO_INCREMENT de tabela `admins`
--
ALTER TABLE `admins`
  MODIFY `id` int NOT NULL AUTO_INCREMENT, AUTO_INCREMENT=2;

--
-- AUTO_INCREMENT de tabela `apostas`
--
ALTER TABLE `apostas`
  MODIFY `id` int NOT NULL AUTO_INCREMENT, AUTO_INCREMENT=13;

--
-- AUTO_INCREMENT de tabela `apostas_importadas`
--
ALTER TABLE `apostas_importadas`
  MODIFY `id` int NOT NULL AUTO_INCREMENT, AUTO_INCREMENT=403;

--
-- AUTO_INCREMENT de tabela `concursos`
--
ALTER TABLE `concursos`
  MODIFY `id` int NOT NULL AUTO_INCREMENT, AUTO_INCREMENT=27;

--
-- AUTO_INCREMENT de tabela `configuracoes`
--
ALTER TABLE `configuracoes`
  MODIFY `id` int NOT NULL AUTO_INCREMENT, AUTO_INCREMENT=2;

--
-- AUTO_INCREMENT de tabela `configuracoes_apostas`
--
ALTER TABLE `configuracoes_apostas`
  MODIFY `id` int NOT NULL AUTO_INCREMENT, AUTO_INCREMENT=29;

--
-- AUTO_INCREMENT de tabela `ganhadores`
--
ALTER TABLE `ganhadores`
  MODIFY `id` int NOT NULL AUTO_INCREMENT;

--
-- AUTO_INCREMENT de tabela `jogos`
--
ALTER TABLE `jogos`
  MODIFY `id` int NOT NULL AUTO_INCREMENT, AUTO_INCREMENT=16;

--
-- AUTO_INCREMENT de tabela `numeros_sorteados`
--
ALTER TABLE `numeros_sorteados`
  MODIFY `id` int NOT NULL AUTO_INCREMENT, AUTO_INCREMENT=988;

--
-- AUTO_INCREMENT de tabela `resultados`
--
ALTER TABLE `resultados`
  MODIFY `id` int NOT NULL AUTO_INCREMENT, AUTO_INCREMENT=13;

--
-- AUTO_INCREMENT de tabela `tipos_jogos`
--
ALTER TABLE `tipos_jogos`
  MODIFY `id` int NOT NULL AUTO_INCREMENT, AUTO_INCREMENT=2;

--
-- AUTO_INCREMENT de tabela `usuarios`
--
ALTER TABLE `usuarios`
  MODIFY `id` int NOT NULL AUTO_INCREMENT, AUTO_INCREMENT=53;

--
-- AUTO_INCREMENT de tabela `valores_jogos`
--
ALTER TABLE `valores_jogos`
  MODIFY `id` int NOT NULL AUTO_INCREMENT, AUTO_INCREMENT=3079;

--
-- Restrições para despejos de tabelas
--

--
-- Limitadores para a tabela `apostas`
--
ALTER TABLE `apostas`
  ADD CONSTRAINT `apostas_ibfk_1` FOREIGN KEY (`usuario_id`) REFERENCES `usuarios` (`id`),
  ADD CONSTRAINT `apostas_ibfk_3` FOREIGN KEY (`revendedor_id`) REFERENCES `usuarios` (`id`);

--
-- Limitadores para a tabela `apostas_importadas`
--
ALTER TABLE `apostas_importadas`
  ADD CONSTRAINT `apostas_importadas_ibfk_1` FOREIGN KEY (`usuario_id`) REFERENCES `usuarios` (`id`),
  ADD CONSTRAINT `apostas_importadas_ibfk_2` FOREIGN KEY (`revendedor_id`) REFERENCES `usuarios` (`id`);

--
-- Limitadores para a tabela `concursos`
--
ALTER TABLE `concursos`
  ADD CONSTRAINT `concursos_ibfk_1` FOREIGN KEY (`jogo_id`) REFERENCES `jogos` (`id`) ON DELETE CASCADE;

--
-- Limitadores para a tabela `configuracoes_apostas`
--
ALTER TABLE `configuracoes_apostas`
  ADD CONSTRAINT `configuracoes_apostas_ibfk_1` FOREIGN KEY (`tipo_jogo_id`) REFERENCES `tipos_jogos` (`id`);

--
-- Limitadores para a tabela `ganhadores`
--
ALTER TABLE `ganhadores`
  ADD CONSTRAINT `ganhadores_ibfk_1` FOREIGN KEY (`resultado_id`) REFERENCES `resultados` (`id`),
  ADD CONSTRAINT `ganhadores_ibfk_2` FOREIGN KEY (`usuario_id`) REFERENCES `usuarios` (`id`),
  ADD CONSTRAINT `ganhadores_ibfk_3` FOREIGN KEY (`aposta_id`) REFERENCES `apostas` (`id`);

--
-- Limitadores para a tabela `numeros_sorteados`
--
ALTER TABLE `numeros_sorteados`
  ADD CONSTRAINT `numeros_sorteados_ibfk_1` FOREIGN KEY (`concurso_id`) REFERENCES `concursos` (`id`) ON DELETE CASCADE;

--
-- Limitadores para a tabela `trips`
--
ALTER TABLE `trips`
  ADD CONSTRAINT `trips_ibfk_1` FOREIGN KEY (`passenger_id`) REFERENCES `users` (`id`),
  ADD CONSTRAINT `trips_ibfk_2` FOREIGN KEY (`driver_id`) REFERENCES `users` (`id`);

--
-- Limitadores para a tabela `usuarios`
--
ALTER TABLE `usuarios`
  ADD CONSTRAINT `usuarios_ibfk_1` FOREIGN KEY (`revendedor_id`) REFERENCES `usuarios` (`id`);

--
-- Limitadores para a tabela `valores_jogos`
--
ALTER TABLE `valores_jogos`
  ADD CONSTRAINT `valores_jogos_ibfk_1` FOREIGN KEY (`jogo_id`) REFERENCES `jogos` (`id`) ON DELETE CASCADE;
COMMIT;

/*!40101 SET CHARACTER_SET_CLIENT=@OLD_CHARACTER_SET_CLIENT */;
/*!40101 SET CHARACTER_SET_RESULTS=@OLD_CHARACTER_SET_RESULTS */;
/*!40101 SET COLLATION_CONNECTION=@OLD_COLLATION_CONNECTION */;
